Id,Cardinality
1,3001441
2,3384585
3,1503623
4,54
5,19891
6,2260841
7,6
8,958289
9,1080
10,1037
11,799604
12,14367
13,64325
14,17786
15,676972
16,744
17,287390232
18,370981
19,2590171
20,3441421
21,1129678
22,15579
23,23435
24,6793
25,2810689
26,121
27,12388425
28,100996
29,865058
30,14570598
31,368936
32,1486
33,9
34,182720
35,588106
36,25740236
37,166
38,1041501
39,1491705
40,911431
41,827885
42,613
43,221237
44,17021010
45,31456320
46,1857680
47,35129311
48,721
49,226902
50,556043
51,399750
52,2266402
53,3959322
54,3189693
55,32301779
56,5193
57,33
58,795599
59,246521
60,323825
61,54203307
62,1404
63,53655887
64,325
65,145684
66,10107877
67,2084762
68,130855
69,150
70,610621
71,208615979
72,13298228
73,4284881
74,7259
75,171
76,7860321
77,3208728
78,18
79,16050
80,3019720
81,1438133
82,42
83,2559636
84,20182315
85,4066623
86,3807290
87,280133
88,298005
89,5714842
90,8062060
91,1285
92,98419
93,3399731
94,1573111
95,2308
96,16
97,10058157
98,16529509
99,198944
100,33410
101,1319100
102,5632154
103,68
104,46110727
105,622
106,437988
107,2555050
108,3755163
109,791294
110,1834546
111,279781
112,2890221
113,53355366
114,4113532
115,415825
116,2010288
117,63
118,553344
119,34341808
120,3809536
121,2527742
122,56
123,642569
124,3989853
125,756
126,24997813
127,8008314
128,410
129,827889
130,216734
131,2147679
132,336733
133,138152
134,1510671
135,501
136,25
137,4236
138,180496
139,3661
140,278377
141,3927663
142,15327993
143,14751
144,2184087
145,1359963
146,3841109
147,1194559
148,7266348
149,353
150,361
151,2421808
152,605638
153,331490101
154,78
155,481536
156,15995585
157,64
158,1572315
159,201193
160,700080
161,34682
162,8159
163,1101916
164,432987
165,2132037
166,524338
167,477017
168,111
169,2970975
170,993382
171,19952419
172,1989187
173,23709862
174,2017767
175,33295
176,110
177,405533
178,385
179,1066638
180,400039
181,43
182,31
183,4432271
184,606359
185,71
186,1989529
187,3996030
188,1717185
189,7537
190,94
191,7162
192,149325
193,1713772
194,22980
195,34933131
196,17303292
197,891876
198,859515
199,29
200,32743979
201,21
202,1136253
203,120
204,2245932
205,1518
206,421659
207,4029164
208,4715507
209,7919793
210,12123418
211,3536534
212,1591
213,456178
214,3480
215,3345663
216,13
217,1857680
218,851488
219,70
220,346
221,20
222,39948
223,1723440
224,999879
225,68198040
226,79603
227,43
228,3888893
229,484332
230,682189
231,3971530
232,14762521
233,7291554
234,538
235,1084
236,27972581
237,670239
238,1913161
239,84
240,175102
241,950833
242,261133
243,19312735
244,510
245,245
246,318
247,20
248,50686059
249,708
250,323
251,56124851
252,9459402
253,1479515
254,1958327
255,13741816
256,1799
257,1180
258,7553057
259,977
260,1144903
261,3921423
262,2719
263,1136586
264,5
265,20
266,22558318
267,278898
268,5358790
269,54
270,173
271,195516
272,32031079
273,761248
274,13799956
275,19721749
276,52
277,2147679
278,1588281
279,52750
280,1423744
281,3758
282,3246081
283,2024326
284,59787
285,80279
286,360479
287,30021297
288,4484307
289,38405
290,5264341
291,10
292,1705489
293,28947923
294,58641070
295,1366035
296,1004319
297,19819551
298,52254
299,242454
300,1328005
301,167405
302,26871179
303,9204981
304,32706
305,13818546
306,4595686
307,1824401
308,1255117
309,16044
310,2404668
311,522
312,22366390
313,180228
314,995482
315,2420356
316,45402651
317,568005
318,256
319,13582173
320,486708
321,5670455
322,2506278
323,229
324,87262
325,7255951
326,3393810
327,561063
328,2749927
329,762
330,176778
331,2290130
332,24
333,6
334,931089
335,194
336,1381576
337,105511
338,81592
339,15
340,1141691
341,42773425
342,4782826
343,499
344,268464
345,2033
346,191002
347,2970975
348,324494
349,12639203
350,3028071
351,1547918
352,40
353,4766
354,3168268
355,3465
356,1352
357,215
358,490132
359,4871398
360,31
361,4322116
362,60734640
363,15060696
364,3551810
365,2327845
366,14712794
367,863
368,316809
369,102244
370,217
371,3630885
372,20374398
373,88168638
374,2782640
375,41377353
376,633446
377,63849
378,3775114
379,5543
380,52503
381,208676
382,128
383,1229552
384,762
385,5573941
386,2055571
387,2075012
388,63594
389,21056
390,57
391,880885
392,1304162
393,535905
394,119933
395,2923946
396,2487302
397,2990
398,2474407
399,157795
400,7840093
401,25352506
402,3812
403,33901192
404,910761
405,968069
406,875646
407,342
408,199839
409,62993
410,18172
411,7007474
412,7090
413,15473794
414,13296068
415,71
416,2878181
417,1258
418,1003889
419,162876
420,166823
421,457950
422,38383
423,188940
424,72265
425,445136
426,1450383
427,2531
428,2711399
429,4068655
430,147
431,2
432,145495
433,903955
434,4857163
435,102862
436,2514
437,1354
438,1866271
439,4971649
440,100
441,5669270
442,19057
443,249032
444,368232
445,539580
446,30281252
447,85
448,29791207
449,8273391
450,1342598
451,7537
452,236
453,3070063
454,31579391
455,3782870
456,16032
457,1603222
458,576
459,63
460,5144467
461,21415
462,4217060
463,14774934
464,60922
465,436930
466,57
467,18743
468,2507685
469,7405
470,18910237
471,1741
472,1238
473,2345
474,1906794
475,3384357
476,3481526
477,44883103
478,2707208
479,2400699
480,2290893
481,304
482,57
483,28869
484,2745388
485,2182543
486,23783
487,517963
488,1593326
489,26295
490,26441503
491,354
492,185009808
493,1629755
494,87481
495,9755898
496,39385520
497,3222833
498,323447
499,1255424
500,117080273
501,99
502,4
503,42
504,1663041
505,1594889
506,203465820
507,21
508,3197619
509,4222388
510,29026613
511,1430691
512,1683839
513,1392253
514,208304
515,115
516,50
517,4133388
518,22
519,3171750
520,1723495
521,4388
522,81
523,28314673
524,3279578
525,47008
526,182540
527,29
528,24976525
529,530189
530,254412470
531,537697
532,1196526
533,166
534,477137
535,3987095
536,543285
537,328
538,2807578
539,261756
540,298796
541,32161
542,777599
543,123406356
544,159997820
545,1282017
546,353607
547,224
548,759703
549,55
550,2222625
551,31180783
552,2461266
553,85
554,102
555,48884472
556,372429
557,1583340
558,1399263
559,88
560,721009
561,88787458
562,1484
563,2850452
564,588112
565,5087928
566,1117124
567,14128060
568,19874847
569,108
570,17
571,6135560
572,5094945
573,2996092
574,4092731
575,1008748
576,2764308
577,13183624
578,7168499
579,3479115
580,57
581,26928425
582,42
583,45
584,430953
585,15949388
586,328792
587,595125
588,567815
589,2245507
590,192886
591,2238104
592,3684521
593,2400271
594,114873
595,28686366
596,1456354
597,135428
598,2079298
599,524044
600,20
601,3802805
602,878702
603,25322540
604,1949481
605,51858
606,86686
607,3901938
608,12898
609,39
610,93109
611,2221089
612,113
613,16
614,101
615,10978
616,897334
617,552974
618,67751915
619,2970951
620,29
621,404606
622,1156
623,2107022
624,413160416
625,2694621
626,9668129
627,161265276
628,325853
629,789471
630,328
631,1896892
632,4157913
633,4868074
634,161383681
635,294
636,1502446
637,124828
638,942963
639,12709287
640,2591723
641,711
642,98013766
643,70
644,440060
645,4318
646,1201506
647,56
648,1781193
649,14999410
650,7074
651,4277365
652,2753296
653,24367636
654,2404671
655,2300532
656,230707
657,44645
658,243170
659,1786389
660,435110
661,787648
662,2299368
663,10110
664,2000
665,17712
666,184
667,3300208
668,207986
669,3474569
670,1159579
671,157945075
672,120848
673,27
674,6616402
675,23
676,74458
677,232186
678,30
679,36
680,118
681,144
682,21902020
683,3450398
684,1225
685,3529
686,6992250
687,204639
688,22375023
689,1187169
690,2703287
691,751
692,1037
693,48
694,2050277
695,512194
696,3547497
697,62
698,20
699,18697
700,537195
701,31
702,457714
703,328
704,19297
705,144018
706,91687
707,2725332
708,437130
709,2736
710,8254463
711,334840
712,274262
713,909874
714,26321064
715,2903942
716,72672
717,193699
718,2455613
719,4270055
720,18
721,282
722,9483307
723,56405
724,57
725,1306941
726,1306
727,19
728,240587
729,1257305
730,57029
731,2564766
732,3354294
733,191
734,165674
735,438360
736,9714
737,5197755
738,789052
739,2281397
740,530054
741,177366
742,22580
743,3004036
744,3525
745,891817
746,99
747,6926
748,102620179
749,104806
750,510
751,43304
752,461355
753,124288799
754,776
755,81565821
756,201311
757,40595
758,1143181
759,134315
760,226902
761,204540
762,13955
763,834390
764,10200
765,52210
766,1957889
767,1717491
768,26567
769,12869
770,11
771,777693
772,8388
773,1365336
774,1638345
775,99024
776,5347
777,1971
778,9759439
779,44768
780,327885
781,72
782,978338
783,27413
784,798
785,9434
786,1219921
787,622960
788,65
789,1616099
790,328
791,199255
792,3431971
793,445937
794,2982084
795,4833
796,457730
797,303139
798,1121874
799,1454307
800,19248040
801,2285686
802,9954786
803,1274143
804,1348616
805,140049
806,904297
807,53581
808,14261
809,9267107
810,80123706
811,372
812,685386
813,2939
814,1767267
815,19450015
816,417694
817,10
818,27061263
819,1653
820,2747966
821,503596
822,5197943
823,7620396
824,84407
825,347075
826,3005349
827,196548875
828,3786341
829,186787
830,1523455
831,104
832,110104
833,3539758
834,60
835,102058862
836,671844
837,4259565
838,978
839,37
840,1312160
841,2768942
842,1075382
843,145
844,12
845,7266
846,6130213
847,412
848,107999
849,163859
850,590
851,873177
852,2394272
853,280133
854,1044
855,51
856,997049
857,17
858,179690
859,330313
860,9093960
861,23983472
862,26
863,1148150
864,11995595
865,50276638
866,752512
867,275
868,783
869,337258
870,8512401
871,4982617
872,1036668
873,1595900
874,498921
875,212245869
876,8
877,1668212
878,39898
879,84
880,479398
881,931
882,1182510
883,44568
884,4217071
885,997049
886,535700
887,538161
888,32
889,12375557
890,4034041
891,11
892,43380
893,4487900
894,877703
895,183230
896,138039545
897,535905
898,60
899,7869976
900,650805
901,17913421
902,1053
903,599501
904,773458
905,7
906,916905
907,311060442
908,28846093
909,2207811
910,811749
911,58872
912,1467497
913,19318437
914,21186
915,28545387
916,95458
917,1493724
918,403236
919,2184654
920,10652919
921,8314525
922,15952383
923,17520
924,491046
925,762
926,10732
927,519211
928,68460
929,4046162
930,433934
931,4103502
932,2170695
933,22842064
934,36506477
935,40172
936,147
937,9602
938,4431899
939,8907
940,9256804
941,944961
942,397236
943,676972
944,3273671
945,7236222
946,674123
947,1586439
948,12
949,4575411
950,25147
951,195558
952,1572341
953,3599883
954,59
955,226425
956,30153431
957,15019835
958,16262
959,7742
960,3101
961,401941
962,2204465
963,65038
964,997199
965,6129283
966,3720297
967,531009
968,18594644
969,1231755
970,94066
971,1638345
972,234489352
973,9771031
974,16582176
975,12168353
976,142618
977,384137
978,732846
979,5689157
980,64401583
981,35346126
982,16819988
983,254
984,235749
985,2577691
986,2192485
987,14422440
988,962702
989,328046
990,2300807
991,44354
992,2112
993,82628
994,9182161
995,9531716
996,326754
997,4669
998,201260
999,1248933
1000,4695786
1001,937523
1002,460889
1003,33093185
1004,11264190
1005,2514
1006,4142305
1007,32
1008,27668
1009,115
1010,18968
1011,1535166
1012,9025
1013,485705
1014,9567
1015,23574167
1016,172
1017,105029
1018,53955
1019,1320688
1020,4590843
1021,17262
1022,329434
1023,60
1024,13474433
1025,621009
1026,327291
1027,148774
1028,4514577
1029,2245741
1030,10
1031,14
1032,12702
1033,70768
1034,394722
1035,32
1036,16
1037,272
1038,121
1039,799
1040,20882996
1041,3517422
1042,24736
1043,2966342
1044,9813941
1045,16098653
1046,153
1047,3615892
1048,11710
1049,25
1050,926936
1051,177
1052,10423
1053,7642398
1054,698691
1055,3650776
1056,3239777
1057,87484
1058,124
1059,187877
1060,902670
1061,415315
1062,121972
1063,14977570
1064,41
1065,2815
1066,375293
1067,8712686
1068,348127
1069,24
1070,34341425
1071,7010790
1072,11283174
1073,2783775
1074,624
1075,35996034
1076,642081
1077,595453
1078,16
1079,2631487
1080,677787
1081,21423563
1082,14992584
1083,2109728
1084,3634675
1085,2156985
1086,10513650
1087,21889721
1088,1983556
1089,51333
1090,1302372
1091,3541674
1092,13816177
1093,1120991
1094,62
1095,5046
1096,27724
1097,33613
1098,2961679
1099,94025
1100,51719
1101,14486
1102,967
1103,3458288
1104,389298
1105,1995690
1106,1749
1107,162067
1108,81439
1109,95
1110,536295
1111,11273583
1112,18
1113,283058
1114,138
1115,8492
1116,38520
1117,63
1118,4349
1119,5
1120,398507
1121,4132
1122,3278587
1123,2162
1124,196
1125,59404
1126,999259
1127,42571997
1128,182483529
1129,39022299
1130,82265
1131,13684732
1132,1178
1133,1149726
1134,420567
1135,5476277
1136,4509223
1137,273380
1138,6795053
1139,8276672
1140,47
1141,3160443
1142,22247703
1143,313576
1144,1461665
1145,11
1146,1
1147,6738
1148,4093
1149,112874571
1150,10
1151,28943168
1152,33965940
1153,792085
1154,36295
1155,2299032
1156,102856179
1157,206289
1158,1033846
1159,1880246
1160,133976810
1161,94
1162,3571
1163,1209673
1164,8843698
1165,8447534
1166,14746735
1167,77
1168,271555
1169,28
1170,636
1171,6090453
1172,717
1173,1255049
1174,347
1175,127054
1176,2746369
1177,25057
1178,2433
1179,1982467
1180,5670455
1181,1229
1182,12379
1183,2795041
1184,463434
1185,1587890
1186,1163669
1187,1741
1188,2148229
1189,3517826
1190,10948
1191,15651559
1192,29916490
1193,149909
1194,5658280
1195,22892678
1196,1583052
1197,1739
1198,2998844
1199,9230088
1200,205068
1201,1475
1202,42943
1203,2691
1204,2748801
1205,99564
1206,37
1207,35180181
1208,8369728
1209,3478751
1210,262
1211,15703
1212,8648
1213,1642583
1214,278778
1215,585548
1216,383099
1217,1504621
1218,9617123
1219,68475
1220,184564
1221,13052750
1222,58049
1223,662196
1224,208
1225,20
1226,23577257
1227,383364
1228,2
1229,17183489
1230,2430077
1231,63494
1232,19345208
1233,11283
1234,6181
1235,91
1236,17421
1237,9380
1238,318
1239,119813
1240,94944
1241,3278506
1242,5239445
1243,8923
1244,332
1245,1758536
1246,2907217
1247,7445448
1248,13967
1249,14018697
1250,743888
1251,4063664
1252,139435
1253,7606
1254,2296
1255,110650
1256,5020143
1257,189493
1258,712082
1259,71987781
1260,230683
1261,10952110
1262,1116785
1263,553495
1264,1870
1265,415528
1266,3770
1267,7514
1268,47105614
1269,1857680
1270,3635878
1271,4432607
1272,179039
1273,4063609
1274,7127091
1275,1906721
1276,1234
1277,83466134
1278,1791792
1279,38
1280,83
1281,4644886
1282,4614909
1283,4470541
1284,323447
1285,4431
1286,1779
1287,4526434
1288,11680756
1289,28
1290,758711
1291,16
1292,20
1293,545131
1294,14
1295,37666
1296,1307562
1297,17
1298,2300312
1299,332667
1300,613798
1301,16
1302,439005
1303,600666
1304,32341
1305,373105
1306,4362444
1307,352
1308,1216
1309,5976
1310,54
1311,13646
1312,116391
1313,290583
1314,16655
1315,11077269
1316,519
1317,34521
1318,449173
1319,4063397
1320,9976620
1321,256177
1322,178
1323,1164193
1324,418
1325,7878692
1326,278815
1327,1102032
1328,3199259
1329,1707874
1330,614874
1331,833514
1332,529378
1333,32787
1334,18457488
1335,187322
1336,3174222
1337,15821
1338,4331003
1339,1730339
1340,11484
1341,674861
1342,1843714
1343,21702865
1344,155735
1345,67178
1346,12262080
1347,48
1348,4772410
1349,10120
1350,32
1351,426
1352,618830
1353,247
1354,212582
1355,5666989
1356,1624
1357,2811371
1358,4100612
1359,150351
1360,146548
1361,1035
1362,2072343
1363,41789
1364,22470
1365,1830
1366,8287689
1367,17629240
1368,2154521
1369,2589440
1370,30605546
1371,68755772
1372,619286
1373,61
1374,15
1375,14608615
1376,106
1377,665377
1378,459645
1379,78714
1380,43106507
1381,9783
1382,3361902
1383,1684200
1384,417
1385,1321152
1386,2557238
1387,15107
1388,466455
1389,238
1390,76
1391,879126
1392,323861
1393,45
1394,6140206
1395,54
1396,433934
1397,22931832
1398,1359963
1399,1075382
1400,151
1401,1261
1402,392
1403,956428
1404,3302760
1405,1722526
1406,17577
1407,52
1408,51476490
1409,2275723
1410,31282516
1411,17946
1412,31954387
1413,776595
1414,1077233
1415,19324913
1416,144073
1417,5216
1418,517963
1419,1291092
1420,35
1421,15
1422,453911
1423,61519172
1424,172
1425,1074
1426,4926
1427,27887
1428,4497924
1429,1240775
1430,2903942
1431,909874
1432,50694
1433,3978
1434,1501216
1435,3435780
1436,115491
1437,1086642
1438,44978
1439,10511707
1440,20251
1441,443828
1442,765592
1443,256177
1444,15045
1445,9
1446,403470
1447,6431505
1448,876804
1449,1729776
1450,18
1451,1085166
1452,178852780
1453,7048545
1454,35
1455,174
1456,24961
1457,77
1458,2949503
1459,1167607
1460,419045
1461,6734
1462,10817724
1463,13250221
1464,2954156
1465,5254653
1466,22372
1467,55814381
1468,26299042
1469,7872824
1470,47
1471,4697920
1472,68
1473,3289686
1474,1441424
1475,312
1476,2746369
1477,11603391
1478,1255049
1479,452550
1480,31191806
1481,18602
1482,105848
1483,37
1484,2449756
1485,926880
1486,37
1487,6054408
1488,13860
1489,1710181
1490,2802
1491,87266913
1492,78
1493,4251030
1494,825679
1495,27280836
1496,9
1497,231
1498,75386741
1499,239290
1500,517380
1501,4185908
1502,1411137
1503,4382
1504,124325
1505,32447
1506,1168232
1507,241341
1508,354410
1509,6794111
1510,207331
1511,127858
1512,7020898
1513,3371426
1514,2222533
1515,30813796
1516,245
1517,1681917
1518,6494605
1519,6405
1520,8106264
1521,6130647
1522,57
1523,797363
1524,731621
1525,205288
1526,2306
1527,29819163
1528,1079098
1529,6795
1530,13157571
1531,420817
1532,9795134
1533,323
1534,1395
1535,41184
1536,2580790
1537,1411697
1538,2432844
1539,13013663
1540,1009217
1541,6590660
1542,1339
1543,381249
1544,25179328
1545,4020279
1546,93088
1547,65338
1548,691
1549,113
1550,172473
1551,10262565
1552,4054298
1553,6
1554,76760
1555,34620
1556,3981
1557,66
1558,1319928
1559,3529546
1560,40
1561,917
1562,26464
1563,21497
1564,8329
1565,1450229
1566,3019622
1567,165554
1568,1024445
1569,3265385
1570,978
1571,1273
1572,1056739
1573,1034
1574,175453
1575,6457
1576,515683
1577,191
1578,407085
1579,14546046
1580,4410845
1581,25806
1582,18344849
1583,335119
1584,9696964
1585,64094770
1586,4972947
1587,16
1588,16192546
1589,203443102
1590,92722
1591,2503821
1592,7171047
1593,103248
1594,63
1595,70198
1596,950290
1597,145268
1598,5750
1599,26741414
1600,5963
1601,125323
1602,917662
1603,559398
1604,5516825
1605,8339
1606,30306
1607,186
1608,14450356
1609,79
1610,8057
1611,12
1612,804547
1613,3
1614,2206482
1615,1131413
1616,1480902
1617,3501780
1618,1876274
1619,1351295
1620,1802942
1621,15404751
1622,11465308
1623,1287402
1624,4199973
1625,1123634
1626,489051
1627,1959862
1628,4441165
1629,2555566
1630,184
1631,179116
1632,2312294
1633,2396252
1634,26
1635,36396931
1636,3009106
1637,1211832
1638,1001
1639,869111
1640,1192229
1641,1102037
1642,744845
1643,140211732
1644,1113068
1645,777
1646,9928
1647,64
1648,710
1649,2675
1650,3095925
1651,942333
1652,744855
1653,961826
1654,374655
1655,93
1656,124541
1657,22
1658,1986158
1659,620699
1660,638209
1661,6063373
1662,3562
1663,53
1664,11378847
1665,312
1666,58640180
1667,19693178
1668,13254151
1669,138659
1670,16212801
1671,8625408
1672,3537690
1673,69
1674,1
1675,10177145
1676,10270591
1677,6820
1678,4356964
1679,460363
1680,778625
1681,78206
1682,34745614
1683,1658950
1684,51
1685,242972
1686,105
1687,802785
1688,5326289
1689,6131997
1690,44136
1691,42473157
1692,13321
1693,436349
1694,2412992
1695,1335685
1696,1281051
1697,2745260
1698,1043030
1699,10368
1700,5394476
1701,2301402
1702,287689
1703,93343
1704,94796
1705,34
1706,5555
1707,9
1708,7986145
1709,264211
1710,1623
1711,497799
1712,3602
1713,5578
1714,4531198
1715,1748
1716,3696427
1717,177641326
1718,25807245
1719,3901938
1720,7576126
1721,878799
1722,4398989
1723,10883751
1724,3831314
1725,151548726
1726,123
1727,1008322
1728,65
1729,192205
1730,8999659
1731,13833118
1732,25
1733,123958
1734,15012094
1735,43520327
1736,2668825
1737,1884067
1738,2992999
1739,570233
1740,460666
1741,37
1742,48
1743,21
1744,43
1745,505439
1746,137190837
1747,18718805
1748,53126
1749,2204406
1750,156929859
1751,480045
1752,546105
1753,23635
1754,61
1755,18336956
1756,27731285
1757,766833
1758,64
1759,31
1760,12490
1761,131653131
1762,39
1763,5234849
1764,122296483
1765,538
1766,1347827
1767,22
1768,89071
1769,1028416
1770,232866
1771,8912007
1772,68
1773,128358
1774,24
1775,10872191
1776,2574204
1777,4760058
1778,4174
1779,162789
1780,301101
1781,5517956
1782,55769018
1783,18729
1784,94171672
1785,16000
1786,2126616
1787,4437151
1788,64
1789,560212
1790,2049040
1791,1385081
1792,141813
1793,994
1794,574
1795,509
1796,8
1797,1800070
1798,1002303
1799,558
1800,1067612
1801,4552545
1802,1987438
1803,3754416
1804,6323988
1805,2970975
1806,16
1807,765790
1808,6919236
1809,24034
1810,71458
1811,23159398
1812,37040
1813,3895518
1814,1578571
1815,219977
1816,266322
1817,4336
1818,37355
1819,1380773
1820,56346
1821,454494
1822,442624
1823,354917
1824,66
1825,708455
1826,352645
1827,24425
1828,32
1829,903225
1830,59
1831,1843855
1832,1406
1833,2877816
1834,21724579
1835,973764
1836,591708
1837,1112
1838,1120630
1839,2281104
1840,16057853
1841,871062
1842,1717404
1843,11962
1844,4883432
1845,94
1846,8797
1847,4243141
1848,5011181
1849,102
1850,264490
1851,11175622
1852,4410
1853,119
1854,306343
1855,11009314
1856,386003
1857,430212
1858,3609431
1859,1110
1860,922
1861,121858161
1862,2847088
1863,710
1864,1761386
1865,12059
1866,213178
1867,26128808
1868,1180
1869,128048
1870,1563275
1871,19694930
1872,8715
1873,9
1874,42484380
1875,205815
1876,405
1877,35831
1878,5768
1879,37
1880,10669
1881,15972
1882,374511430
1883,829338
1884,173139
1885,81422
1886,3856504
1887,34044851
1888,54
1889,1167
1890,94016
1891,2549010
1892,11524
1893,200740
1894,1952637
1895,747
1896,296408
1897,4663136
1898,55705
1899,135407
1900,335280
1901,257853
1902,514596
1903,78436
1904,443917
1905,825
1906,6846511
1907,69
1908,798012
1909,28902511
1910,17609
1911,20535
1912,421635
1913,2576037
1914,9436021
1915,10557350
1916,1081962
1917,6472318
1918,22
1919,2869429
1920,20108
1921,56
1922,972853
1923,2714
1924,32847324
1925,4705
1926,25677056
1927,3909978
1928,2470236
1929,664
1930,31596255
1931,98
1932,144261
1933,8540825
1934,15678488
1935,396322
1936,4726
1937,403
1938,26363862
1939,56307
1940,710996
1941,121803
1942,385168
1943,117028
1944,325
1945,410
1946,23490347
1947,1152507
1948,4078280
1949,204604
1950,332738
1951,119749
1952,15
1953,169644
1954,94175281
1955,1407412
1956,2940585
1957,428225
1958,3367149
1959,996377
1960,10556887
1961,17
1962,2000372
1963,4047105
1964,199536
1965,277541
1966,52205
1967,1395152
1968,5245
1969,100
1970,376
1971,3553325
1972,54395
1973,191426558
1974,491367
1975,40
1976,184405
1977,1746922
1978,1040671
1979,376
1980,13811
1981,108304
1982,4345488
1983,397360
1984,505
1985,327
1986,79707
1987,2431
1988,250943
1989,408004
1990,10122988
1991,1810377
1992,63357
1993,192851
1994,147751
1995,1537362
1996,18388230
1997,4157480
1998,23921
1999,45643762
2000,426474
2001,9393
2002,256417
2003,33498
2004,2518395
2005,10617328
2006,927940
2007,311680
2008,2054475
2009,3769081
2010,8342
2011,873488
2012,2373981
2013,171962
2014,6591660
2015,3
2016,4588754
2017,7408409
2018,6815
2019,854202
2020,60310
2021,163741
2022,1573371
2023,154
2024,10648157
2025,60
2026,7419290
2027,24594
2028,667046
2029,290
2030,25692646
2031,2917578
2032,12937438
2033,3355877
2034,118537
2035,19320367
2036,2978355
2037,336465
2038,335
2039,24556175
2040,844478
2041,3179588
2042,3790766
2043,166411
2044,409661589
2045,67522
2046,3374089
2047,2389647
2048,3305311
2049,141866659
2050,691
2051,1198746
2052,2264549
2053,13195725
2054,275042
2055,38104343
2056,1431291
2057,2345445
2058,980
2059,752
2060,166576
2061,198074
2062,12976
2063,386447
2064,4232420
2065,2784345
2066,753688
2067,3239777
2068,185330
2069,12
2070,1837016
2071,3819826
2072,18610240
2073,1942249
2074,451096
2075,1725451
2076,52153
2077,40971765
2078,4432
2079,7
2080,68
2081,702910
2082,5337
2083,328
2084,600334
2085,27779303
2086,105556228
2087,22203669
2088,69989
2089,1336
2090,8648
2091,46840155
2092,6645
2093,1097001
2094,4932796
2095,108383
2096,43
2097,26061
2098,1878899
2099,3547497
2100,8185
2101,54720
2102,1592522
2103,22020318
2104,3703426
2105,47832430
2106,284
2107,2284252
2108,933602
2109,94
2110,56613
2111,61738968
2112,323
2113,115643
2114,35032
2115,16829
2116,3999
2117,1913676
2118,1320688
2119,269
2120,14824559
2121,111371
2122,26650
2123,1892743
2124,653159
2125,504214
2126,774
2127,164426632
2128,63537
2129,5802942
2130,49743
2131,23948
2132,125018
2133,8173873
2134,3260702
2135,30060471
2136,6770338
2137,208554
2138,1098176
2139,35120933
2140,677218
2141,1679009
2142,12702591
2143,122
2144,269389
2145,13897
2146,124
2147,17
2148,4515276
2149,4004009
2150,59
2151,2286323
2152,963542
2153,19422834
2154,188173
2155,43953
2156,71
2157,73317355
2158,3802
2159,20133
2160,624797
2161,15685
2162,10541692
2163,8314
2164,26
2165,10
2166,1777660
2167,106
2168,2999383
2169,233120
2170,229617
2171,639938
2172,30
2173,2274
2174,2299368
2175,34
2176,800023
2177,785
2178,726
2179,6456071
2180,2265710
2181,20965908
2182,5063440
2183,3814551
2184,184035
2185,8493324
2186,463445
2187,6585825
2188,180704714
2189,7636421
2190,2874337
2191,51076977
2192,111
2193,26607
2194,6061557
2195,2188351
2196,23495411
2197,1111
2198,5545
2199,2374517
2200,483
2201,22610082
2202,102636
2203,16639094
2204,1615695
2205,26
2206,2586427
2207,49929
2208,3414993
2209,4067136
2210,2482400
2211,348693
2212,114
2213,1154121
2214,3200997
2215,84709055
2216,46
2217,423828
2218,23750
2219,556767
2220,474109
2221,105817
2222,46
2223,814489
2224,477838
2225,777286
2226,1845356
2227,4622189
2228,326650
2229,6005
2230,4686
2231,181
2232,36
2233,8
2234,1444082
2235,7
2236,52
2237,9000
2238,43
2239,26628217
2240,2455581
2241,1475976
2242,5196956
2243,4632126
2244,48
2245,3027
2246,124
2247,1132
2248,2785512
2249,2627313
2250,3539758
2251,1438108
2252,1392253
2253,6017
2254,47
2255,13186527
2256,5444655
2257,5532
2258,307084
2259,5517956
2260,1046519
2261,1282017
2262,352459
2263,140061
2264,659021
2265,2260806
2266,2877462
2267,4279636
2268,2295413
2269,7812
2270,514281
2271,235522
2272,884605
2273,170032567
2274,51871420
2275,391558
2276,118804
2277,37
2278,188
2279,3246
2280,8553977
2281,175220
2282,11453370
2283,26214
2284,622
2285,8642772
2286,419231
2287,4444607
2288,1635916
2289,963171
2290,4243978
2291,317586
2292,4611023
2293,520
2294,289365
2295,1574404
2296,55777634
2297,5951
2298,33740
2299,199577
2300,43
2301,46289
2302,3664036
2303,990
2304,2396234
2305,92174668
2306,116228
2307,485704
2308,22291695
2309,181
2310,326025
2311,5372
2312,4029355
2313,40
2314,37050
2315,4986274
2316,22
2317,4552436
2318,75177
2319,19290966
2320,9199
2321,4294
2322,262615
2323,3341568
2324,14006838
2325,937234
2326,18031935
2327,2970975
2328,2793
2329,49
2330,3607
2331,4071
2332,452
2333,13
2334,2143751
2335,6133390
2336,98079
2337,13601771
2338,200
2339,14768835
2340,143103
2341,2211
2342,68812
2343,246
2344,45
2345,119
2346,1142709
2347,23817
2348,12488051
2349,10929
2350,404940
2351,139615
2352,3566227
2353,1493
2354,31
2355,9156687
2356,10082284
2357,1201935
2358,1682853
2359,60
2360,18
2361,215
2362,1100
2363,51334668
2364,614874
2365,635877
2366,10827
2367,284863
2368,997049
2369,528573
2370,4235280
2371,1854934
2372,35054339
2373,223986
2374,194657972
2375,491
2376,44
2377,263432
2378,875366
2379,1113
2380,341
2381,2611
2382,178940
2383,33751
2384,76371170
2385,31
2386,1615695
2387,1102
2388,5364
2389,104918
2390,106265
2391,272720
2392,147851
2393,14023
2394,238960
2395,521339
2396,789023
2397,1295111
2398,10535678
2399,10668508
2400,3
2401,232345
2402,88475126
2403,24245729
2404,18
2405,2516755
2406,611151
2407,56623
2408,6887494
2409,1984899
2410,34599
2411,16434
2412,67983581
2413,404556
2414,9006
2415,9427294
2416,271485
2417,3118095
2418,35485
2419,610342
2420,21317
2421,4446869
2422,6988640
2423,1
2424,2335
2425,1618418
2426,599300
2427,758253
2428,11316
2429,921330
2430,15312510
2431,23506
2432,322089
2433,2975
2434,523245
2435,67996
2436,7725500
2437,510
2438,277825
2439,59
2440,7718092
2441,357863
2442,512428
2443,173837
2444,6896222
2445,6502400
2446,69
2447,203664
2448,907609
2449,18
2450,1009725
2451,237020
2452,18
2453,20907
2454,755
2455,3670321
2456,413
2457,10126728
2458,4009891
2459,545818
2460,70
2461,75803
2462,23634628
2463,78972
2464,24799468
2465,89112
2466,665
2467,227
2468,18
2469,6150
2470,380419
2471,11642257
2472,23006093
2473,968621
2474,451
2475,274
2476,8753376
2477,138231
2478,135095
2479,51120
2480,495
2481,13253422
2482,2811446
2483,32954
2484,511
2485,125
2486,641732
2487,1638287
2488,1299
2489,17
2490,1959263
2491,782308
2492,2
2493,1566338
2494,58385
2495,106
2496,40387576
2497,1469
2498,840419
2499,104413
2500,648138
2501,921003
2502,12868076
2503,96
2504,2987962
2505,6420064
2506,501860
2507,3865926
2508,2688117
2509,9762309
2510,62203
2511,2194586
2512,53
2513,1824856
2514,198
2515,194827
2516,82923
2517,11877995
2518,725908
2519,15067
2520,179917
2521,429463
2522,97
2523,116627
2524,263962
2525,17
2526,2075093
2527,27280836
2528,126
2529,1777
2530,153460
2531,3123
2532,772831
2533,544
2534,3153331
2535,4535
2536,23
2537,90922
2538,17439073
2539,761329
2540,11967571
2541,283757
2542,3283733
2543,91478274
2544,82476105
2545,1141963
2546,3541674
2547,2273919
2548,11807859
2549,1006895
2550,409279034
2551,713877
2552,1075382
2553,377836
2554,48992
2555,1753146
2556,61742
2557,1121900
2558,375
2559,825
2560,413948
2561,512975
2562,5310596
2563,388
2564,4940
2565,126908832
2566,77
2567,1484184
2568,14218686
2569,617564
2570,504444
2571,1591259
2572,28058770
2573,67
2574,164172
2575,650711
2576,17734195
2577,17
2578,25499
2579,181050
2580,715800
2581,1436722
2582,845233
2583,44847
2584,2058810
2585,2095033
2586,6778414
2587,229945
2588,17842343
2589,236673
2590,607273
2591,477
2592,1424747
2593,17638633
2594,2783775
2595,4638103
2596,7289195
2597,56389
2598,387043
2599,401965
2600,365951
2601,1507881
2602,8500
2603,4550213
2604,1705489
2605,2317615
2606,110
2607,23925492
2608,2862
2609,191
2610,133
2611,536309
2612,117469488
2613,53
2614,11448033
2615,86078
2616,288140
2617,9950
2618,862882
2619,42981
2620,1
2621,2655211
2622,1491
2623,2616
2624,8952992
2625,158
2626,129913
2627,654718
2628,352
2629,2964909
2630,378623
2631,3365056
2632,3901256
2633,15978
2634,52760
2635,22504
2636,4962154
2637,6595672
2638,4894
2639,5202329
2640,34980571
2641,135107858
2642,141
2643,16620
2644,97
2645,1847834
2646,17703669
2647,2757
2648,438759
2649,1982
2650,64
2651,365
2652,988002
2653,137671
2654,316
2655,1393858
2656,55554714
2657,2
2658,5504826
2659,13905465
2660,42069
2661,10721409
2662,47
2663,4168973
2664,270309
2665,704
2666,95
2667,33750969
2668,96566
2669,5240386
2670,216
2671,16048790
2672,212110
2673,1173227
2674,1941929
2675,242939
2676,121
2677,1713772
2678,1409
2679,10719674
2680,1
2681,3820971
2682,8155326
2683,987667
2684,28746599
2685,22917
2686,490339
2687,686960
2688,26642
2689,2970975
2690,110
2691,1115109
2692,7466055
2693,175865512
2694,260929
2695,33306476
2696,2549010
2697,23026
2698,504131
2699,2484929
2700,8848
2701,3714
2702,17630722
2703,82330
2704,164877370
2705,386579
2706,16506864
2707,9586431
2708,89
2709,5
2710,8203820
2711,2450693
2712,1200353
2713,98245
2714,2858332
2715,8902
2716,407259
2717,121148186
2718,111087
2719,1024406
2720,24730046
2721,2748537
2722,213
2723,50724
2724,396861
2725,27
2726,664692
2727,70328
2728,44897
2729,117891
2730,128
2731,3551810
2732,3415446
2733,1843714
2734,19527773
2735,260
2736,5
2737,14800643
2738,278745
2739,8910930
2740,42
2741,979339
2742,559913
2743,42964
2744,54
2745,130982
2746,18961594
2747,10077789
2748,4389656
2749,2555050
2750,7694561
2751,1143048
2752,870571
2753,1843502
2754,9637226
2755,6
2756,10
2757,890
2758,84057
2759,83110
2760,45443
2761,8318975
2762,9663
2763,21270
2764,122595264
2765,107812
2766,2454825
2767,1576
2768,14071956
2769,3754
2770,4057
2771,427432
2772,317149
2773,39428536
2774,118972
2775,487525
2776,13040
2777,373
2778,96959
2779,36031973
2780,62
2781,3773512
2782,33183
2783,10757498
2784,98
2785,29792719
2786,6503
2787,3330457
2788,156
2789,22804
2790,193690
2791,1335685
2792,748352
2793,6594910
2794,3449363
2795,362217998
2796,103821285
2797,20330283
2798,1306727
2799,8255563
2800,32250
2801,3719105
2802,14325
2803,272979
2804,15942953
2805,213
2806,306814
2807,497555
2808,1894159
2809,60397296
2810,3819826
2811,6181
2812,2314
2813,639926
2814,342
2815,39
2816,365375
2817,110
2818,2834788
2819,94
2820,6665781
2821,240673
2822,62
2823,44486
2824,30310244
2825,76
2826,18
2827,653241
2828,203
2829,254358
2830,85465
2831,248982
2832,3326679
2833,16349197
2834,382580
2835,7
2836,1136123
2837,264765
2838,1165195
2839,15663
2840,2979800
2841,1359963
2842,26191080
2843,10
2844,623263
2845,24980774
2846,35638771
2847,1330017
2848,1099786
2849,7410896
2850,25605201
2851,9756
2852,9953139
2853,1770677
2854,3920286
2855,61830
2856,418
2857,3743817
2858,50264
2859,13351
2860,18011139
2861,8365094
2862,326171
2863,742333
2864,1982467
2865,243815
2866,1575806
2867,556080
2868,2824122
2869,453672
2870,73
2871,7612089
2872,1152732
2873,377519
2874,3316345
2875,95
2876,997
2877,20
2878,114065474
2879,1942249
2880,1199415
2881,112570
2882,1968
2883,210795
2884,52260
2885,9129
2886,123305417
2887,776
2888,569964
2889,60
2890,213
2891,2526
2892,1577398
2893,1437
2894,8672038
2895,154169
2896,892115
2897,18175294
2898,9098375
2899,5678187
2900,4081334
2901,617217
2902,1572793
2903,52187764
2904,210716
2905,948345
2906,37
2907,258
2908,210277
2909,71487
2910,12739369
2911,25
2912,86517
2913,10982471
2914,7793983
2915,1142464
2916,4250040
2917,1779389
2918,41020608
2919,37020046
2920,51072039
2921,25050
2922,56356
2923,17766
2924,1075215
2925,5168
2926,1260029
2927,11027907
2928,785928
2929,993408
2930,9
2931,1664146
2932,810380
2933,7259373
2934,525456
2935,165
2936,11503345
2937,21886878
2938,41988
2939,21902847
2940,124587
2941,586158
2942,2156985
2943,197
2944,651953
2945,5414740
2946,63847
2947,33269
2948,11118
2949,27050673
2950,2045928
2951,783
2952,514451
2953,86699190
2954,15490608
2955,1502919
2956,79317
2957,6318568
2958,3229
2959,26172725
2960,27537
2961,19619
2962,6848
2963,3925925
2964,737162
2965,8799551
2966,109519
2967,231104
2968,1813
2969,1240709
2970,7241655
2971,113894
2972,7935292
2973,73212
2974,2969146
2975,12190768
2976,8347420
2977,7240
2978,260
2979,641299
2980,8753376
2981,186219
2982,2298891
2983,85
2984,105437231
2985,303045
2986,18633044
2987,1346170
2988,524044
2989,562920
2990,2290912
2991,422
2992,3904483
2993,5899931
2994,1808
2995,2632279
2996,2296
2997,3755163
2998,231735
2999,6676522
3000,138714
3001,13030945
3002,2275
3003,17106
3004,2903942
3005,3426773
3006,1359963
3007,56050
3008,116
3009,122551
3010,353160
3011,3787675
3012,304672
3013,375094
3014,44985
3015,79236
3016,3541674
3017,13315023
3018,12867229
3019,7899665
3020,9888
3021,12208611
3022,451
3023,193
3024,6585172
3025,17388024
3026,400087
3027,14
3028,2932131
3029,71687
3030,6793629
3031,57229
3032,173258
3033,133710122
3034,18699
3035,212
3036,23577257
3037,32
3038,160671
3039,259954
3040,4078160
3041,110852515
3042,445199
3043,1976266
3044,300497
3045,143576
3046,252544
3047,8975914
3048,4142305
3049,878508
3050,1875850
3051,7355285
3052,43
3053,133976
3054,1117124
3055,17100736
3056,18051434
3057,45
3058,77856
3059,905391
3060,918641
3061,2635581
3062,342150
3063,295376060
3064,2146970
3065,837071
3066,1782870
3067,1805759
3068,587944
3069,187192
3070,2071164
3071,69
3072,682
3073,783092
3074,5816
3075,583837
3076,7040336
3077,2393474
3078,1300613
3079,54406324
3080,8887
3081,27078725
3082,30735
3083,10
3084,12064
3085,99329458
3086,29128069
3087,27813
3088,21135256
3089,202237
3090,56254603
3091,58
3092,463029
3093,1105082
3094,1299100
3095,6863336
3096,168888
3097,128836689
3098,191
3099,1750761
3100,94
3101,254456
3102,12183812
3103,417986
3104,341281
3105,12319409
3106,7
3107,286
3108,642341
3109,4131009
3110,4380390
3111,1028034
3112,10619261
3113,5659837
3114,225414
3115,12500
3116,76718075
3117,32745
3118,411023
3119,410068
3120,21
3121,896
3122,1399038
3123,24368558
3124,137210
3125,747179
3126,4553
3127,376
3128,7
3129,627020
3130,85
3131,241810
3132,271475
3133,4045298
3134,40807437
3135,6341090
3136,13057
3137,70573
3138,3898011
3139,2097275
3140,107741
3141,60105
3142,1577121
3143,94500466
3144,315552
3145,7232346
3146,1619352
3147,16
3148,328
3149,115230
3150,4134049
3151,3304596
3152,180236
3153,132636
3154,248
3155,489
3156,515700
3157,4077835
3158,2300807
3159,79332
3160,2216
3161,86
3162,263377
3163,1401575
3164,968069
3165,1782767
3166,112127
3167,12781348
3168,23958062
3169,4169513
3170,15751
3171,5101624
3172,323
3173,1467737
3174,144
3175,448167
3176,25959387
3177,1297866
3178,950879
3179,6510
3180,11111
3181,4447807
3182,279840
3183,25799
3184,478419
3185,6261
3186,17782
3187,25089
3188,32
3189,229
3190,676782
3191,9078315
3192,190
3193,435
3194,1015
3195,538161
3196,2283776
3197,302827
3198,7313373
3199,344267
3200,84
3201,51923658
3202,723211
3203,91879
3204,1428652
3205,1802044
3206,1985681
3207,211613
3208,1666713
3209,416937
3210,5097054
3211,5586349
3212,241004
3213,790798
3214,1105407
3215,1422881
3216,2161268
3217,1983664
3218,3886899
3219,52
3220,216577
3221,120358
3222,751024
3223,425003
3224,33107504
3225,9372419
3226,909874
3227,3242411
3228,957938
3229,35347315
3230,66460495
3231,2219
3232,1859541
3233,16434
3234,39498
3235,427401
3236,73699219
3237,460526
3238,348193
3239,218205331
3240,9954453
3241,363332
3242,980
3243,33612521
3244,3750
3245,28601548
3246,81776410
3247,215405716
3248,2607044
3249,18491
3250,19
3251,17410
3252,118
3253,245993
3254,2299368
3255,1112586
3256,8291788
3257,339316
3258,82
3259,78
3260,44180
3261,8
3262,3131665
3263,33504204
3264,6850
3265,53830
3266,35235718
3267,222984
3268,2656742
3269,1439259
3270,5593
3271,10762335
3272,24791
3273,30680
3274,35736509
3275,1679899
3276,22744333
3277,109034
3278,782336
3279,1320688
3280,85363
3281,3819826
3282,22494796
3283,75647203
3284,717447
3285,28991
3286,2179035
3287,290321
3288,9687408
3289,77
3290,1427129
3291,6841080
3292,1684734
3293,4784721
3294,74094
3295,338808
3296,73636411
3297,2327
3298,507
3299,63094
3300,15766364
3301,447033
3302,1200
3303,3130456
3304,4804545
3305,5404144
3306,2043233
3307,1156604
3308,308849
3309,70977
3310,68644
3311,251
3312,6714936
3313,25454
3314,424385
3315,3092672
3316,1986158
3317,9612830
3318,3166
3319,395897
3320,1169
3321,311357
3322,19
3323,1474670
3324,1005340
3325,611012
3326,1701241
3327,1343974
3328,5886374
3329,1022
3330,3283733
3331,45128
3332,9088117
3333,38
3334,105
3335,926114
3336,7859
3337,16597
3338,339618
3339,3720297
3340,14044
3341,7127934
3342,16
3343,6441
3344,56
3345,5879
3346,690
3347,1521434
3348,183
3349,5044
3350,8883430
3351,33820
3352,7974
3353,439
3354,6
3355,499
3356,585936
3357,17388024
3358,297222
3359,2063317
3360,839813
3361,101
3362,311939
3363,79365
3364,215046
3365,6499311
3366,2496321
3367,961538
3368,498
3369,185133
3370,13306182
3371,2396252
3372,250440
3373,2553
3374,534091
3375,12013625
3376,3910778
3377,1846917
3378,17
3379,16905
3380,23397242
3381,1216557
3382,965824
3383,13334922
3384,276
3385,387323
3386,2330144
3387,1896
3388,72739686
3389,1586676
3390,31474
3391,9298424
3392,1148650
3393,4113532
3394,2
3395,2832306
3396,19
3397,633464
3398,304356
3399,148722842
3400,24280983
3401,2530691
3402,1063341
3403,22368649
3404,788722
3405,420497
3406,1966432
3407,144133
3408,15369672
3409,12
3410,2779176
3411,748170
3412,115833999
3413,1708527
3414,247602
3415,3188122
3416,585548
3417,21713462
3418,434637
3419,17449
3420,11
3421,700
3422,577414
3423,26946
3424,245725
3425,17
3426,80428
3427,103528
3428,4341768
3429,359887
3430,1505786
3431,34
3432,607575
3433,1149449
3434,464731
3435,327374
3436,2287232
3437,2890772
3438,31
3439,1306326
3440,18354849
3441,1930295
3442,1343146
3443,2346
3444,3313070
3445,8155326
3446,293
3447,4151719
3448,4043493
3449,5735000
3450,23062055
3451,2616076
3452,732379
3453,6599024
3454,2342422
3455,24
3456,20
3457,297104
3458,13055603
3459,3494
3460,1648
3461,336842
3462,509829
3463,27457926
3464,438737
3465,2453996
3466,371398
3467,551747
3468,2501643
3469,43
3470,3994
3471,2384805
3472,7925
3473,45
3474,73579
3475,74580250
3476,890948
3477,2298159
3478,3902294
3479,1525583
3480,2196832
3481,30434
3482,25744
3483,45
3484,9450
3485,1768
3486,4801060
3487,3940718
3488,3955299
3489,44484
3490,3284
3491,28
3492,27005
3493,3699553
3494,29106128
3495,34291361
3496,2246835
3497,9245903
3498,76143
3499,260
3500,136250427
3501,213101
3502,3607607
3503,54
3504,1449124
3505,390
3506,3773512
3507,6912780
3508,9264837
3509,1563706
3510,1403006
3511,328601
3512,1588281
3513,596524
3514,969346
3515,2628662
3516,87929
3517,2810689
3518,193899
3519,8373577
3520,353182
3521,3235506
3522,1957889
3523,11989247
3524,16
3525,11269
3526,2592050
3527,14876
3528,1554800
3529,319809
3530,1180
3531,2783775
3532,6026900
3533,6195
3534,73688872
3535,70876
3536,54
3537,235584
3538,6439466
3539,25237492
3540,82
3541,2593354
3542,728667
3543,1438133
3544,1793172
3545,2105124
3546,48751859
3547,111291
3548,21569
3549,1488683
3550,1638623
3551,632093
3552,17523009
3553,11912
3554,19776251
3555,175943
3556,76193
3557,3046527
3558,43
3559,248515
3560,257598
3561,191265
3562,165799
3563,15162016
3564,654553
3565,39
3566,288563960
3567,122
3568,374721
3569,578
3570,428573
3571,13877
3572,36783
3573,24172
3574,2783775
3575,1387290
3576,37591
3577,3430989
3578,198394177
3579,2175632
3580,1862621
3581,31316786
3582,9655
3583,1465
3584,6541278
3585,14071956
3586,3256
3587,1727169
3588,29
3589,6
3590,976835
3591,11039148
3592,4003555
3593,30544
3594,31743
3595,1859541
3596,151
3597,309
3598,1100
3599,2572855
3600,51571126
3601,66358975
3602,119
3603,21
3604,166350
3605,170370385
3606,411019
3607,5809
3608,21157739
3609,5544
3610,130312246
3611,1205557
3612,78047133
3613,2946100
3614,877987
3615,7703
3616,6648937
3617,3885808
3618,117008
3619,1207
3620,43888
3621,270014720
3622,369665
3623,6987939
3624,186692
3625,3139507
3626,2593354
3627,529234
3628,21311
3629,84511
3630,3987080
3631,7863
3632,6891645
3633,735
3634,231
3635,18195
3636,1039261
3637,2391877
3638,3028297
3639,7853412
3640,107210
3641,1615695
3642,7437284
3643,4113532
3644,683
3645,1274
3646,2246349
3647,22798114
3648,9028333
3649,56623
3650,6505272
3651,18547495
3652,33809517
3653,13603
3654,613021
3655,33014645
3656,3004102
3657,2246835
3658,382
3659,2
3660,3482430
3661,311844
3662,10745521
3663,4079395
3664,55
3665,14722
3666,37
3667,11819907
3668,71555
3669,12
3670,31410
3671,1925
3672,336330
3673,106321
3674,9219608
3675,987589
3676,92178
3677,1853
3678,292626
3679,25365978
3680,3075558
3681,408801
3682,183
3683,1051
3684,125440
3685,66
3686,3261780
3687,232113
3688,6945
3689,2217506
3690,22210370
3691,16300903
3692,1031639
3693,3081931
3694,21174041
3695,1661814
3696,26936550
3697,1487106
3698,16257
3699,3539758
3700,14788829
3701,86441
3702,10582624
3703,494495
3704,2772019
3705,417251
3706,16298
3707,1984837
3708,5924375
3709,85785
3710,323
3711,7803453
3712,101669
3713,2127
3714,7750773
3715,20573
3716,690884
3717,2476653
3718,107418
3719,4272120
3720,49
3721,55
3722,607
3723,2558269
3724,1079098
3725,3763230
3726,3647
3727,94816
3728,387766
3729,2593354
3730,751024
3731,2015425
3732,235411
3733,95
3734,18
3735,88
3736,3973615
3737,970967
3738,308817
3739,109526
3740,2293411
3741,709
3742,121
3743,611
3744,106493
3745,293885
3746,3051301
3747,21
3748,50
3749,7056377
3750,2012977
3751,999617
3752,10785792
3753,23230289
3754,1371977
3755,79
3756,32
3757,435110
3758,161927990
3759,11494469
3760,531186
3761,17
3762,573025
3763,325
3764,200901
3765,895
3766,207541
3767,39
3768,21957518
3769,607987
3770,56620
3771,1527481
3772,18134
3773,13450655
3774,38
3775,6
3776,2927612
3777,574339
3778,943220
3779,57711
3780,3958794
3781,773488
3782,35095
3783,9483698
3784,9226682
3785,2811371
3786,170991
3787,14
3788,89
3789,2348814
3790,7293571
3791,10999085
3792,176050
3793,17539740
3794,161958
3795,1002
3796,78921
3797,42512982
3798,697064
3799,1398542
3800,343738
3801,696755
3802,4461750
3803,2134270
3804,49
3805,5
3806,15992639
3807,155380
3808,331263
3809,1181059
3810,8376341
3811,7390864
3812,553923
3813,70848601
3814,422
3815,362264
3816,12
3817,47
3818,1125
3819,18
3820,622467
3821,242846
3822,7
3823,3809757
3824,1359
3825,227
3826,21
3827,8133483
3828,66154
3829,4135879
3830,270
3831,98420
3832,431386
3833,4032
3834,120878
3835,1771013
3836,817724
3837,3875394
3838,375697
3839,192
3840,24
3841,352645
3842,22235942
3843,76743890
3844,2175270
3845,3308
3846,2842753
3847,18828796
3848,1859541
3849,30652
3850,120491
3851,27367308
3852,157068
3853,11348482
3854,688667
3855,61955
3856,35013655
3857,22608442
3858,12167152
3859,17
3860,82952549
3861,797709
3862,3796899
3863,137791
3864,214984
3865,746684
3866,156956
3867,7063
3868,1617044
3869,13140
3870,73
3871,91459
3872,5483244
3873,188471
3874,7005
3875,11
3876,1
3877,2089094
3878,1122893
3879,346230
3880,90
3881,371756
3882,260800
3883,1333
3884,18600963
3885,54011
3886,243332
3887,63193614
3888,2516232
3889,200
3890,3242537
3891,1651
3892,100234
3893,34470
3894,1486413
3895,7108178
3896,460593
3897,30
3898,4028057
3899,190098
3900,7183839
3901,52351
3902,60
3903,12183541
3904,42124
3905,624789
3906,290
3907,17439720
3908,9516
3909,3281846
3910,783283
3911,327694
3912,16863
3913,21739
3914,13968393
3915,24
3916,149823
3917,209014
3918,16036047
3919,2570987
3920,3887425
3921,1798329
3922,2874618
3923,15
3924,354069
3925,210127
3926,16
3927,174542166
3928,153866
3929,683136
3930,886047
3931,286846
3932,90
3933,14674622
3934,3523
3935,3688243
3936,4693079
3937,758059
3938,75968
3939,686294
3940,10068610
3941,436922
3942,14516448
3943,195340
3944,1177132
3945,5030938
3946,4272
3947,71
3948,2455613
3949,203775
3950,68164
3951,1117124
3952,3870324
3953,61748
3954,755282
3955,78262
3956,744148
3957,422952
3958,27396890
3959,418327
3960,27811
3961,137617862
3962,1102150
3963,6008245
3964,664541
3965,2332790
3966,1584925
3967,68730843
3968,6201342
3969,4677310
3970,905826
3971,140843
3972,258027
3973,11694
3974,22071137
3975,6874119
3976,23178322
3977,11663633
3978,17331
3979,897865
3980,3729883
3981,1464409
3982,3668436
3983,6284718
3984,70025
3985,513000
3986,4
3987,19638671
3988,164
3989,66
3990,211736376
3991,27270
3992,5778413
3993,560110
3994,10402661
3995,3189650
3996,8330531
3997,548
3998,458439
3999,111409
4000,83724
4001,2324
4002,227
4003,43476
4004,4070879
4005,4123886
4006,4103
4007,57
4008,1667670
4009,279795
4010,1504511
4011,1104385
4012,707598
4013,568710
4014,82408
4015,45768200
4016,328
4017,65287
4018,761592
4019,12631641
4020,1209838
4021,123673
4022,1269200
4023,8315164
4024,110009
4025,3930
4026,7178127
4027,2676
4028,226994
4029,1872501
4030,347090
4031,1061373
4032,21379656
4033,1290933
4034,10938806
4035,1026057
4036,5211096
4037,772509
4038,129136
4039,383251
4040,3363746
4041,16175
4042,383191
4043,145
4044,20454973
4045,5601461
4046,5933643
4047,300355
4048,519211
4049,36473
4050,121
4051,553923
4052,409144
4053,5513833
4054,1337403
4055,4315079
4056,21
4057,10414902
4058,1075382
4059,76270497
4060,77132
4061,6898662
4062,3339532
4063,7930
4064,13216471
4065,248257997
4066,51098
4067,191
4068,10192
4069,8367875
4070,38265
4071,2283350
4072,514281
4073,132
4074,136888
4075,41340
4076,829922
4077,7280876
4078,3953825
4079,29
4080,1388619
4081,3654534
4082,4009891
4083,478039
4084,376128
4085,163
4086,2858
4087,8806
4088,1850557
4089,1364932
4090,474
4091,14289
4092,7676
4093,285950
4094,1117463
4095,7218
4096,27466682
4097,51
4098,19640654
4099,2196797
4100,1647856
4101,3213984
4102,131828
4103,8195725
4104,3916
4105,12618736
4106,137022
4107,1803
4108,297
4109,432230
4110,9841182
4111,6249381
4112,173657334
4113,22863386
4114,22044065
4115,1308812
4116,130735
4117,793486
4118,58662
4119,8651408
4120,370465
4121,30712
4122,796901
4123,887389
4124,55689
4125,1653059
4126,811950
4127,84
4128,57305
4129,3635700
4130,4428041
4131,1493332
4132,48776
4133,86875
4134,371351
4135,3501890
4136,14683407
4137,55757
4138,87516
4139,7147
4140,38748302
4141,9625902
4142,11368073
4143,1006944
4144,123572
4145,8149
4146,1832
4147,112050
4148,21943
4149,66399963
4150,39
4151,6942596
4152,319018
4153,998671
4154,7862228
4155,230
4156,3267278
4157,84
4158,12686107
4159,387
4160,3268075
4161,199787
4162,11425466
4163,1056437
4164,2702517
4165,12212781
4166,16124777
4167,26201603
4168,620577
4169,2021762
4170,14
4171,466
4172,4442456
4173,45259907
4174,526293
4175,9278521
4176,26
4177,230741
4178,317
4179,12196569
4180,2771551
4181,33
4182,980945
4183,1985681
4184,10927057
4185,81897
4186,67723
4187,5174252
4188,51
4189,990627
4190,337
4191,34364
4192,110358
4193,59436
4194,65
4195,329679188
4196,122450
4197,274814
4198,12965077
4199,4353920
4200,67
4201,128156
4202,2289
4203,536295
4204,9423488
4205,15223716
4206,46067859
4207,1395152
4208,56607
4209,8871382
4210,27873
4211,66455
4212,827962
4213,1071
4214,3948631
4215,1255117
4216,358358
4217,25748581
4218,2149891
4219,3521
4220,864455
4221,1007092
4222,48976594
4223,2628
4224,7566973
4225,1172634
4226,3776119
4227,62501
4228,14
4229,9344146
4230,16324325
4231,437130
4232,3019720
4233,12707462
4234,6024767
4235,261859
4236,2117590
4237,394173
4238,74
4239,11385
4240,181
4241,100
4242,19260064
4243,1273697
4244,403642
4245,34161598
4246,493411
4247,399678
4248,1187837
4249,707439
4250,792967
4251,325
4252,113179639
4253,18327249
4254,265910
4255,71
4256,191
4257,203205
4258,578
4259,1146149
4260,410320
4261,6894778
4262,19426727
4263,207436401
4264,43
4265,17862
4266,55689
4267,18122359
4268,1971865
4269,3541674
4270,3901256
4271,1318904
4272,196462
4273,348071
4274,34463431
4275,13191969
4276,35081712
4277,11421
4278,628261
4279,10606940
4280,12689167
4281,61
4282,3154446
4283,375147
4284,17
4285,2591981
4286,5469920
4287,3043370
4288,52
4289,664333
4290,20148735
4291,2827021
4292,8534568
4293,115687
4294,350
4295,18603278
4296,3324777
4297,1969255
4298,10749792
4299,6044739
4300,1859541
4301,2682537
4302,3436569
4303,1863945
4304,21
4305,26
4306,125721
4307,76004
4308,9651607
4309,13880538
4310,1343146
4311,29717
4312,15366
4313,120466
4314,11145
4315,4230528
4316,140973
4317,32
4318,33051440
4319,980
4320,44694
4321,1722575
4322,717560
4323,196394458
4324,1798
4325,825924
4326,22779
4327,8
4328,73
4329,821692
4330,13154628
4331,413948
4332,723025
4333,2771551
4334,49
4335,24133250
4336,7294605
4337,318775183
4338,36057497
4339,24576980
4340,5339745
4341,39566
4342,1177161
4343,288793
4344,2461486
4345,11292956
4346,22527
4347,27210872
4348,1301
4349,373998
4350,38502894
4351,20
4352,464673
4353,83748
4354,198
4355,21120
4356,931089
4357,47973252
4358,12087709
4359,352532
4360,937745
4361,89163
4362,31174
4363,23682715
4364,14267581
4365,6764480
4366,3009416
4367,3476178
4368,6014
4369,196682
4370,8687190
4371,19
4372,2304421
4373,8737
4374,883
4375,194411
4376,1059994
4377,151896
4378,1905165
4379,10788
4380,1573111
4381,16982
4382,29649
4383,5886331
4384,429
4385,6702880
4386,813369
4387,299442
4388,1635916
4389,190508
4390,1568503
4391,1511761
4392,6
4393,2092567
4394,1993
4395,2214075
4396,696
4397,38274685
4398,405437
4399,273029
4400,344145
4401,1893295
4402,1083
4403,1808284
4404,258013
4405,38409
4406,2598
4407,86884
4408,3103247
4409,13082
4410,1525583
4411,1440425
4412,64
4413,276013
4414,328
4415,4411821
4416,77717699
4417,19
4418,60856
4419,1282216
4420,2250497
4421,8623866
4422,147625
4423,145425
4424,969177
4425,13318060
4426,63
4427,1138572
4428,981
4429,13
4430,1681
4431,69372
4432,5598118
4433,19
4434,3977807
4435,479389
4436,1245
4437,2456
4438,251857
4439,550
4440,172906
4441,108201
4442,1856
4443,2753031
4444,313
4445,29538524
4446,5819
4447,31991
4448,1974682
4449,2455581
4450,169208
4451,1302
4452,3475
4453,621
4454,8828776
4455,37053
4456,2653109
4457,15728
4458,15175
4459,30
4460,19
4461,176919
4462,6066989
4463,852
4464,157213
4465,1351622
4466,2998036
4467,50233407
4468,1022
4469,2482658
4470,2464553
4471,508368
4472,4966064
4473,4459
4474,2283776
4475,887
4476,1310011
4477,28156
4478,3679747
4479,325
4480,5979487
4481,1741
4482,559907
4483,4539351
4484,10353994
4485,1896386
4486,79
4487,319273
4488,205941958
4489,2923946
4490,9094
4491,58872700
4492,921
4493,90027
4494,24649
4495,23556920
4496,13242790
4497,35
4498,536295
4499,101
4500,1117764
4501,8
4502,11
4503,44008
4504,69032991
4505,12887
4506,3865217
4507,76
4508,6243683
4509,8361852
4510,36
4511,19
4512,227
4513,2593354
4514,164144
4515,201
4516,13
4517,96
4518,94
4519,2542610
4520,83
4521,3308605
4522,1393626
4523,11
4524,19819551
4525,4025242
4526,15290
4527,190311
4528,1865309
4529,520720
4530,42
4531,93690420
4532,3749790
4533,836867
4534,170850
4535,733414
4536,61
4537,41
4538,4826490
4539,1247680
4540,9
4541,59133956
4542,33014645
4543,29038320
4544,19937204
4545,38
4546,13073273
4547,25101
4548,1144434
4549,1657341
4550,4508394
4551,31
4552,1113
4553,16451516
4554,12729
4555,1148116
4556,1320231
4557,4560799
4558,1266269
4559,1076662
4560,114831
4561,40
4562,49
4563,66822418
4564,20
4565,85693
4566,165561819
4567,229678577
4568,432837
4569,113163
4570,212986
4571,7012900
4572,51
4573,3598024
4574,10654
4575,2902
4576,212513370
4577,64010915
4578,95487
4579,13585
4580,8268
4581,8251473
4582,10963898
4583,15394
4584,1186469
4585,58221
4586,75214
4587,46869
4588,37
4589,11243369
4590,2766275
4591,74349
4592,1065328
4593,33082697
4594,968069
4595,3994369
4596,9356811
4597,176
4598,118329
4599,89136
4600,26035449
4601,136087
4602,3719105
4603,6712205
4604,3135746
4605,234102
4606,98
4607,10046610
4608,289638
4609,67303
4610,654565
4611,1041424
4612,338398
4613,20
4614,1335170
4615,39319
4616,570
4617,3435019
4618,1368571
4619,43
4620,28511
4621,34
4622,42530
4623,2773672
4624,16807
4625,112
4626,20696595
4627,9845
4628,74
4629,90
4630,21
4631,5804632
4632,7472
4633,15377
4634,113
4635,492
4636,87797
4637,3846540
4638,695247
4639,2725740
4640,79
4641,1312048
4642,154744133
4643,1463560
4644,71
4645,8606324
4646,36092
4647,115
4648,383191
4649,1278846
4650,24367636
4651,20170
4652,8502772
4653,10474
4654,605655
4655,313
4656,532853
4657,754
4658,85334895
4659,2259
4660,12684
4661,73554
4662,6581
4663,24211447
4664,1121
4665,2752101
4666,6315
4667,1071540
4668,200996
4669,8072
4670,5566
4671,19840780
4672,78
4673,3588299
4674,1350702
4675,2539
4676,23593198
4677,56292625
4678,42
4679,69468
4680,8987928
4681,189768
4682,101603
4683,641861
4684,1046
4685,1883514
4686,308
4687,10743287
4688,1495086
4689,374892
4690,115346
4691,341297
4692,4740806
4693,39810
4694,10021018
4695,98056
4696,571135
4697,4348636
4698,42
4699,169837
4700,17479
4701,415825
4702,572
4703,2057431
4704,2337837
4705,88
4706,2314
4707,5993997
4708,841171
4709,22278794
4710,582716
4711,2203459
4712,431823
4713,120188
4714,2195757
4715,262790
4716,75
4717,83411
4718,5610300
4719,887901
4720,1538318
4721,89
4722,1557762
4723,13
4724,6820907
4725,2572279
4726,79726
4727,425973
4728,2232
4729,65738447
4730,1381496
4731,2599324
4732,2876765
4733,23150024
4734,2945443
4735,213
4736,4056174
4737,17570892
4738,14272221
4739,18841767
4740,50196484
4741,1
4742,9078315
4743,4045492
4744,1638287
4745,5804374
4746,55234
4747,69
4748,2540823
4749,25875
4750,994
4751,8778691
4752,51679
4753,391627
4754,4697
4755,531391
4756,57
4757,462132
4758,4392164
4759,4160339
4760,130516
4761,77327
4762,564051
4763,14446033
4764,331164
4765,9963867
4766,294665
4767,2061868
4768,204297
4769,13821481
4770,158866789
4771,1111293
4772,2409449
4773,66967701
4774,36
4775,703
4776,20
4777,1399038
4778,6102355
4779,20116
4780,11450
4781,231813
4782,1966974
4783,30582604
4784,627239
4785,31
4786,453837
4787,664
4788,5
4789,64115055
4790,12014935
4791,2701942
4792,14926675
4793,112
4794,328
4795,2474837
4796,22
4797,94
4798,8731583
4799,5697144
4800,1380773
4801,3729
4802,410
4803,114486081
4804,4057
4805,21
4806,284241
4807,9947006
4808,2842521
4809,693
4810,1000680
4811,50205549
4812,187412015
4813,1154460
4814,96756
4815,13
4816,30914089
4817,1113
4818,2397740
4819,8944107
4820,50
4821,83850
4822,642341
4823,1348164
4824,1060494
4825,50
4826,588106
4827,83
4828,50
4829,3837854
4830,102163
4831,191
4832,2610
4833,5
4834,1336811
4835,113651
4836,2905
4837,509812
4838,28135
4839,69
4840,4266063
4841,194407727
4842,6541
4843,6266255
4844,197808
4845,47194
4846,21105003
4847,155389158
4848,7485662
4849,3911476
4850,43838
4851,1660591
4852,1028421
4853,3363746
4854,318
4855,414
4856,709183
4857,215
4858,1193989
4859,804663
4860,2955310
4861,57077
4862,16790541
4863,2245741
4864,10121
4865,23
4866,886226
4867,2308255
4868,24
4869,37
4870,2923946
4871,4558231
4872,7674
4873,19771
4874,41371566
4875,17036364
4876,62
4877,3972302
4878,724
4879,13667472
4880,2179035
4881,71772935
4882,2844243
4883,3279400
4884,2300552
4885,29843
4886,2531502
4887,2923946
4888,94
4889,44641740
4890,2474072
4891,513953
4892,1729523
4893,14525597
4894,11431735
4895,4194
4896,85
4897,65
4898,55535
4899,10
4900,175905
4901,1408992
4902,7204
4903,1987792
4904,436894
4905,5799553
4906,328
4907,73082
4908,7102223
4909,186990
4910,1747510
4911,171461
4912,4379183
4913,81606400
4914,19663
4915,235202
4916,5140137
4917,19482
4918,12014487
4919,18307284
4920,1134167
4921,42
4922,31
4923,653600
4924,4926430
4925,171
4926,53355110
4927,16052217
4928,226197
4929,1256199
4930,12129214
4931,74
4932,15
4933,10499169
4934,173860
4935,188278
4936,22709959
4937,102157418
4938,29
4939,63966711
4940,71
4941,356341
4942,31348924
4943,151
4944,499422
4945,16588256
4946,195
4947,751
4948,7828094
4949,21709400
4950,4464189
4951,4199
4952,4372
4953,11607
4954,410
4955,1682
4956,302981
4957,3131665
4958,139430
4959,30
4960,92
4961,90819
4962,1259025
4963,1437947
4964,114793
4965,53249
4966,2693222
4967,477137
4968,10092
4969,1342647
4970,29695240
4971,162559189
4972,34213
4973,20463888
4974,20
4975,288
4976,117251
4977,27694
4978,2756320
4979,2475397
4980,5
4981,3782870
4982,35
4983,387
4984,3585601
4985,1244122
4986,479
4987,399228
4988,3758
4989,1513
4990,462011
4991,181777
4992,1110
4993,29730
4994,86308
4995,55897082
4996,261779
4997,16378987
4998,1025500
4999,1346170
5000,104998035
